Test,Predict
CLIMATE,CLIMATE
CLIMATE,CLIMATE
CLIMATE,CLIMATE
CLIMATE,CLIMATE
CLIMATE,CLIMATE
CLIMATE,CLIMATE
CLIMATE,CLIMATE
CLIMATE,CLIMATE
CLIMATE,CLIMATE
CLIMATE,CLIMATE
CLIMATE,CLIMATE
CLIMATE,CLIMATE
CLIMATE,CLIMATE
CLIMATE,CLIMATE
CLIMATE,CLIMATE
CLIMATE,CLIMATE
CLIMATE,CLIMATE
CLIMATE,CLIMATE
CLIMATE,CLIMATE
CLIMATE,CLIMATE
CLIMATE,CLIMATE
CLIMATE,CLIMATE
CLIMATE,CLIMATE
CLIMATE,CLIMATE
CLIMATE,CLIMATE
CLIMATE,CLIMATE
CLIMATE,CLIMATE
CLIMATE,CLIMATE
CLIMATE,CLIMATE
CLIMATE,CLIMATE
CLIMATE,CLIMATE
CLIMATE,CLIMATE
CLIMATE,CLIMATE
CLIMATE,CLIMATE
CLIMATE,CLIMATE
CLIMATE,CLIMATE
CLIMATE,CLIMATE
CLIMATE,CLIMATE
CLIMATE,CLIMATE
CLIMATE,CLIMATE
CLIMATE,CLIMATE
CLIMATE,CLIMATE
CLIMATE,CLIMATE
CLIMATE,CLIMATE
CLIMATE,CLIMATE
CLIMATE,CLIMATE
CLIMATE,CLIMATE
CLIMATE,CLIMATE
CLIMATE,CLIMATE
CLIMATE,CLIMATE
CLIMATE,CLIMATE
CLIMATE,CLIMATE
CLIMATE,CLIMATE
CLIMATE,CLIMATE
CLIMATE,CLIMATE
CLIMATE,CLIMATE
CLIMATE,CLIMATE
CLIMATE,CLIMATE
CLIMATE,CLIMATE
CLIMATE,CLIMATE
CLIMATE,CLIMATE
CLIMATE,CLIMATE
CLIMATE,CLIMATE
CLIMATE,CLIMATE
CLIMATE,CLIMATE
CLIMATE,CLIMATE
CLIMATE,CLIMATE
CLIMATE,CLIMATE
CLIMATE,CLIMATE
CLIMATE,CLIMATE
CLIMATE,CLIMATE
CLIMATE,CLIMATE
CLIMATE,CLIMATE
CLIMATE,CLIMATE
CLIMATE,CLIMATE
CLIMATE,CLIMATE
CLIMATE,CLIMATE
CLIMATE,CLIMATE
CLIMATE,CLIMATE
CLIMATE,CLIMATE
CLIMATE,CLIMATE
CLIMATE,CLIMATE
CLIMATE,CLIMATE
CLIMATE,CLIMATE
CLIMATE,CLIMATE
CLIMATE,CLIMATE
CLIMATE,CLIMATE
CLIMATE,CLIMATE
CLIMATE,CLIMATE
CLIMATE,CLIMATE
CLIMATE,CLIMATE
CLIMATE,CLIMATE
CLIMATE,CLIMATE
CLIMATE,CLIMATE
CLIMATE,CLIMATE
CLIMATE,CLIMATE
CLIMATE,CLIMATE
CLIMATE,CLIMATE
CLIMATE,CLIMATE
CLIMATE,CLIMATE
CLIMATE,CLIMATE
CLIMATE,CLIMATE
CLIMATE,CLIMATE
CLIMATE,CLIMATE
CLIMATE,CLIMATE
CLIMATE,CLIMATE
CLIMATE,CLIMATE
CLIMATE,CLIMATE
CLIMATE,CLIMATE
CLIMATE,CLIMATE
CLIMATE,CLIMATE
CLIMATE,CLIMATE
CLIMATE,CLIMATE
CLIMATE,CLIMATE
CLIMATE,CLIMATE
CLIMATE,CLIMATE
CLIMATE,CLIMATE
CLIMATE,CLIMATE
CLIMATE,CLIMATE
MISC,MISC
CLIMATE,CLIMATE
CLIMATE,CLIMATE
CLIMATE,CLIMATE
CLIMATE,CLIMATE
MISC,MISC
CLIMATE,CLIMATE
CLIMATE,CLIMATE
CLIMATE,CLIMATE
CLIMATE,CLIMATE
CLIMATE,CLIMATE
CLIMATE,CLIMATE
CLIMATE,CLIMATE
CLIMATE,CLIMATE
CLIMATE,CLIMATE
CLIMATE,CLIMATE
CLIMATE,CLIMATE
MISC,MISC
CLIMATE,CLIMATE
CLIMATE,CLIMATE
MISC,MISC
CLIMATE,CLIMATE
CLIMATE,CLIMATE
CLIMATE,CLIMATE
CLIMATE,CLIMATE
CLIMATE,CLIMATE
CLIMATE,CLIMATE
CLIMATE,CLIMATE
CLIMATE,CLIMATE
CLIMATE,CLIMATE
CLIMATE,CLIMATE
CLIMATE,CLIMATE
CLIMATE,CLIMATE
CLIMATE,CLIMATE
CLIMATE,CLIMATE
CLIMATE,CLIMATE
MISC,MISC
CLIMATE,CLIMATE
MISC,MISC
MISC,CLIMATE
CLIMATE,CLIMATE
CLIMATE,CLIMATE
CLIMATE,CLIMATE
CLIMATE,CLIMATE
CLIMATE,CLIMATE
MISC,MISC
CLIMATE,CLIMATE
CLIMATE,CLIMATE
CLIMATE,CLIMATE
CLIMATE,CLIMATE
CLIMATE,MISC
CLIMATE,CLIMATE
CLIMATE,CLIMATE
CLIMATE,CLIMATE
MISC,MISC
CLIMATE,CLIMATE
MISC,MISC
MISC,MISC
CLIMATE,CLIMATE
CLIMATE,CLIMATE
CLIMATE,CLIMATE
CLIMATE,CLIMATE
CLIMATE,CLIMATE
CLIMATE,CLIMATE
CLIMATE,CLIMATE
CLIMATE,CLIMATE
CLIMATE,CLIMATE
CLIMATE,CLIMATE
CLIMATE,CLIMATE
CLIMATE,CLIMATE
CLIMATE,CLIMATE
CLIMATE,CLIMATE
CLIMATE,CLIMATE
CLIMATE,CLIMATE
CLIMATE,CLIMATE
CLIMATE,CLIMATE
CLIMATE,CLIMATE
CLIMATE,CLIMATE
CLIMATE,CLIMATE
CLIMATE,CLIMATE
CLIMATE,CLIMATE
CLIMATE,CLIMATE
CLIMATE,CLIMATE
CLIMATE,CLIMATE
CLIMATE,CLIMATE
CLIMATE,CLIMATE
CLIMATE,CLIMATE
CLIMATE,CLIMATE
MISC,MISC
CLIMATE,CLIMATE
CLIMATE,CLIMATE
CLIMATE,CLIMATE
CLIMATE,CLIMATE
CLIMATE,CLIMATE
CLIMATE,MISC
MISC,MISC
CLIMATE,CLIMATE
CLIMATE,CLIMATE
MISC,CLIMATE
CLIMATE,CLIMATE
CLIMATE,MISC
CLIMATE,CLIMATE
CLIMATE,CLIMATE
CLIMATE,CLIMATE
CLIMATE,CLIMATE
CLIMATE,CLIMATE
CLIMATE,CLIMATE
CLIMATE,CLIMATE
CLIMATE,CLIMATE
CLIMATE,CLIMATE
CLIMATE,CLIMATE
CLIMATE,CLIMATE
MISC,CLIMATE
CLIMATE,CLIMATE
CLIMATE,CLIMATE
CLIMATE,CLIMATE
MISC,MISC
CLIMATE,CLIMATE
CLIMATE,CLIMATE
MISC,MISC
CLIMATE,CLIMATE
CLIMATE,CLIMATE
CLIMATE,CLIMATE
CLIMATE,CLIMATE
MISC,CLIMATE
MISC,MISC
CLIMATE,CLIMATE
CLIMATE,CLIMATE
CLIMATE,CLIMATE
CLIMATE,CLIMATE
CLIMATE,CLIMATE
CLIMATE,CLIMATE
MISC,MISC
CLIMATE,CLIMATE
CLIMATE,CLIMATE
CLIMATE,CLIMATE
CLIMATE,CLIMATE
MISC,MISC
MISC,MISC
CLIMATE,CLIMATE
MISC,MISC
MISC,MISC
CLIMATE,CLIMATE
CLIMATE,CLIMATE
CLIMATE,CLIMATE
CLIMATE,CLIMATE
CLIMATE,CLIMATE
MISC,MISC
CLIMATE,CLIMATE
CLIMATE,CLIMATE
CLIMATE,CLIMATE
CLIMATE,CLIMATE
CLIMATE,CLIMATE
MISC,MISC
CLIMATE,CLIMATE
CLIMATE,CLIMATE
CLIMATE,CLIMATE
MISC,MISC
MISC,MISC
CLIMATE,CLIMATE
MISC,MISC
CLIMATE,CLIMATE
MISC,MISC
MISC,MISC
CLIMATE,CLIMATE
MISC,MISC
MISC,MISC
MISC,MISC
CLIMATE,CLIMATE
MISC,MISC
CLIMATE,CLIMATE
MISC,MISC
MISC,MISC
CLIMATE,CLIMATE
CLIMATE,CLIMATE
CLIMATE,CLIMATE
CLIMATE,CLIMATE
CLIMATE,CLIMATE
CLIMATE,CLIMATE
CLIMATE,CLIMATE
CLIMATE,CLIMATE
CLIMATE,CLIMATE
CLIMATE,CLIMATE
CLIMATE,CLIMATE
CLIMATE,CLIMATE
MISC,MISC
CLIMATE,CLIMATE
MISC,MISC
MISC,MISC
MISC,MISC
CLIMATE,CLIMATE
CLIMATE,CLIMATE
CLIMATE,CLIMATE
CLIMATE,CLIMATE
CLIMATE,CLIMATE
CLIMATE,CLIMATE
MISC,CLIMATE
CLIMATE,CLIMATE
CLIMATE,CLIMATE
CLIMATE,CLIMATE
CLIMATE,CLIMATE
CLIMATE,CLIMATE
CLIMATE,CLIMATE
MISC,CLIMATE
CLIMATE,CLIMATE
CLIMATE,CLIMATE
MISC,MISC
CLIMATE,CLIMATE
MISC,CLIMATE
MISC,MISC
CLIMATE,CLIMATE
CLIMATE,CLIMATE
CLIMATE,CLIMATE
CLIMATE,CLIMATE
CLIMATE,CLIMATE
MISC,CLIMATE
CLIMATE,CLIMATE
MISC,MISC
CLIMATE,CLIMATE
CLIMATE,CLIMATE
MISC,MISC
CLIMATE,CLIMATE
CLIMATE,CLIMATE
MISC,MISC
CLIMATE,CLIMATE
CLIMATE,CLIMATE
CLIMATE,CLIMATE
CLIMATE,CLIMATE
CLIMATE,CLIMATE
CLIMATE,CLIMATE
CLIMATE,MISC
CLIMATE,CLIMATE
CLIMATE,CLIMATE
MISC,MISC
CLIMATE,MISC
CLIMATE,CLIMATE
CLIMATE,CLIMATE
MISC,MISC
CLIMATE,CLIMATE
MISC,MISC
MISC,MISC
MISC,MISC
CLIMATE,CLIMATE
CLIMATE,CLIMATE
MISC,MISC
CLIMATE,MISC
CLIMATE,CLIMATE
CLIMATE,CLIMATE
MISC,MISC
CLIMATE,CLIMATE
MISC,CLIMATE
CLIMATE,CLIMATE
MISC,MISC
CLIMATE,CLIMATE
CLIMATE,CLIMATE
CLIMATE,CLIMATE
MISC,CLIMATE
CLIMATE,CLIMATE
CLIMATE,CLIMATE
CLIMATE,CLIMATE
MISC,MISC
MISC,MISC
CLIMATE,CLIMATE
MISC,MISC
MISC,CLIMATE
MISC,MISC
CLIMATE,CLIMATE
CLIMATE,CLIMATE
CLIMATE,CLIMATE
CLIMATE,CLIMATE
CLIMATE,CLIMATE
CLIMATE,CLIMATE
CLIMATE,CLIMATE
MISC,MISC
MISC,MISC
MISC,MISC
CLIMATE,CLIMATE
MISC,CLIMATE
CLIMATE,CLIMATE
CLIMATE,CLIMATE
CLIMATE,CLIMATE
MISC,MISC
CLIMATE,CLIMATE
CLIMATE,CLIMATE
CLIMATE,CLIMATE
CLIMATE,MISC
MISC,MISC
CLIMATE,CLIMATE
MISC,MISC
CLIMATE,CLIMATE
MISC,MISC
CLIMATE,CLIMATE
CLIMATE,MISC
MISC,CLIMATE
CLIMATE,CLIMATE
MISC,MISC
MISC,MISC
CLIMATE,MISC
MISC,MISC
MISC,MISC
MISC,MISC
CLIMATE,CLIMATE
CLIMATE,CLIMATE
MISC,MISC
MISC,MISC
MISC,CLIMATE
CLIMATE,CLIMATE
CLIMATE,CLIMATE
MISC,MISC
MISC,MISC
MISC,MISC
MISC,MISC
CLIMATE,CLIMATE
MISC,MISC
CLIMATE,CLIMATE
MISC,MISC
MISC,MISC
CLIMATE,CLIMATE
MISC,MISC
CLIMATE,CLIMATE
CLIMATE,CLIMATE
MISC,MISC
CLIMATE,CLIMATE
CLIMATE,MISC
MISC,MISC
CLIMATE,CLIMATE
MISC,MISC
MISC,MISC
CLIMATE,CLIMATE
CLIMATE,CLIMATE
MISC,MISC
CLIMATE,CLIMATE
MISC,MISC
MISC,MISC
MISC,MISC
CLIMATE,CLIMATE
MISC,MISC
MISC,MISC
MISC,MISC
CLIMATE,CLIMATE
CLIMATE,CLIMATE
CLIMATE,CLIMATE
MISC,MISC
CLIMATE,CLIMATE
CLIMATE,CLIMATE
MISC,MISC
CLIMATE,CLIMATE
MISC,MISC
MISC,MISC
MISC,MISC
MISC,MISC
MISC,MISC
MISC,MISC
CLIMATE,CLIMATE
CLIMATE,CLIMATE
CLIMATE,CLIMATE
MISC,MISC
CLIMATE,CLIMATE
CLIMATE,CLIMATE
MISC,MISC
MISC,MISC
CLIMATE,CLIMATE
CLIMATE,CLIMATE
CLIMATE,CLIMATE
CLIMATE,CLIMATE
CLIMATE,CLIMATE
MISC,MISC
CLIMATE,CLIMATE
CLIMATE,CLIMATE
MISC,MISC
MISC,MISC
CLIMATE,CLIMATE
MISC,MISC
MISC,MISC
MISC,MISC
MISC,MISC
CLIMATE,CLIMATE
CLIMATE,CLIMATE
MISC,MISC
MISC,MISC
CLIMATE,CLIMATE
CLIMATE,CLIMATE
MISC,MISC
CLIMATE,CLIMATE
MISC,MISC
MISC,MISC
MISC,MISC
MISC,MISC
CLIMATE,CLIMATE
MISC,MISC
MISC,CLIMATE
MISC,MISC
CLIMATE,CLIMATE
CLIMATE,CLIMATE
MISC,MISC
MISC,MISC
MISC,MISC
CLIMATE,CLIMATE
CLIMATE,CLIMATE
MISC,MISC
MISC,MISC
MISC,MISC
MISC,MISC
CLIMATE,CLIMATE
MISC,MISC
MISC,MISC
CLIMATE,CLIMATE
CLIMATE,CLIMATE
MISC,MISC
CLIMATE,CLIMATE
MISC,MISC
MISC,MISC
MISC,MISC
MISC,MISC
MISC,MISC
CLIMATE,MISC
MISC,MISC
MISC,MISC
MISC,MISC
MISC,MISC
MISC,MISC
CLIMATE,CLIMATE
MISC,MISC
MISC,MISC
MISC,MISC
MISC,MISC
MISC,MISC
CLIMATE,CLIMATE
CLIMATE,CLIMATE
CLIMATE,CLIMATE
MISC,MISC
CLIMATE,MISC
MISC,MISC
MISC,MISC
MISC,MISC
MISC,MISC
CLIMATE,CLIMATE
CLIMATE,CLIMATE
MISC,MISC
MISC,MISC
CLIMATE,CLIMATE
MISC,MISC
MISC,MISC
MISC,MISC
CLIMATE,CLIMATE
MISC,CLIMATE
MISC,MISC
MISC,MISC
MISC,MISC
MISC,MISC
MISC,MISC
MISC,MISC
MISC,MISC
MISC,CLIMATE
MISC,CLIMATE
MISC,MISC
MISC,MISC
CLIMATE,CLIMATE
MISC,MISC
MISC,MISC
MISC,MISC
MISC,MISC
MISC,MISC
MISC,MISC
CLIMATE,CLIMATE
MISC,CLIMATE
MISC,MISC
MISC,MISC
MISC,MISC
MISC,MISC
MISC,MISC
MISC,MISC
MISC,MISC
MISC,MISC
CLIMATE,CLIMATE
MISC,MISC
MISC,MISC
MISC,MISC
MISC,MISC
CLIMATE,CLIMATE
MISC,MISC
MISC,MISC
MISC,MISC
MISC,MISC
MISC,MISC
MISC,MISC
MISC,MISC
MISC,MISC
CLIMATE,CLIMATE
MISC,MISC
CLIMATE,CLIMATE
CLIMATE,MISC
CLIMATE,CLIMATE
MISC,CLIMATE
MISC,MISC
MISC,MISC
MISC,MISC
MISC,MISC
MISC,MISC
MISC,MISC
MISC,MISC
MISC,MISC
CLIMATE,CLIMATE
MISC,MISC
MISC,MISC
MISC,MISC
MISC,MISC
MISC,MISC
MISC,MISC
MISC,MISC
CLIMATE,CLIMATE
MISC,MISC
CLIMATE,MISC
CLIMATE,CLIMATE
MISC,MISC
CLIMATE,CLIMATE
CLIMATE,CLIMATE
CLIMATE,CLIMATE
MISC,MISC
MISC,MISC
CLIMATE,CLIMATE
CLIMATE,CLIMATE
MISC,MISC
MISC,CLIMATE
MISC,MISC
MISC,MISC
MISC,MISC
MISC,MISC
MISC,MISC
CLIMATE,CLIMATE
MISC,MISC
MISC,MISC
CLIMATE,MISC
CLIMATE,CLIMATE
MISC,MISC
MISC,MISC
MISC,MISC
MISC,MISC
MISC,MISC
MISC,MISC
MISC,MISC
MISC,MISC
MISC,MISC
MISC,MISC
CLIMATE,CLIMATE
MISC,MISC
MISC,MISC
MISC,MISC
MISC,MISC
CLIMATE,CLIMATE
CLIMATE,CLIMATE
MISC,MISC
MISC,MISC
CLIMATE,CLIMATE
MISC,MISC
MISC,MISC
MISC,MISC
MISC,MISC
MISC,MISC
CLIMATE,CLIMATE
MISC,MISC
MISC,MISC
MISC,MISC
MISC,MISC
CLIMATE,CLIMATE
MISC,MISC
MISC,MISC
MISC,MISC
MISC,MISC
MISC,MISC
MISC,MISC
MISC,MISC
MISC,MISC
CLIMATE,CLIMATE
CLIMATE,CLIMATE
MISC,MISC
MISC,MISC
MISC,MISC
MISC,MISC
MISC,MISC
MISC,MISC
MISC,MISC
MISC,MISC
MISC,MISC
CLIMATE,CLIMATE
MISC,CLIMATE
MISC,CLIMATE
CLIMATE,CLIMATE
MISC,MISC
MISC,MISC
MISC,MISC
MISC,MISC
CLIMATE,CLIMATE
MISC,MISC
MISC,MISC
MISC,MISC
MISC,MISC
MISC,MISC
MISC,MISC
MISC,MISC
MISC,MISC
MISC,MISC
MISC,MISC
MISC,MISC
MISC,MISC
MISC,MISC
MISC,MISC
MISC,MISC
MISC,MISC
MISC,MISC
CLIMATE,CLIMATE
MISC,MISC
CLIMATE,CLIMATE
MISC,MISC
CLIMATE,CLIMATE
MISC,MISC
MISC,MISC
CLIMATE,CLIMATE
MISC,MISC
MISC,MISC
MISC,MISC
MISC,MISC
MISC,MISC
MISC,MISC
CLIMATE,CLIMATE
MISC,MISC
MISC,MISC
MISC,CLIMATE
MISC,MISC
MISC,MISC
MISC,MISC
MISC,MISC
MISC,CLIMATE
MISC,MISC
MISC,MISC
MISC,MISC
MISC,MISC
MISC,MISC
CLIMATE,CLIMATE
MISC,MISC
CLIMATE,MISC
MISC,MISC
MISC,MISC
MISC,MISC
MISC,MISC
MISC,MISC
MISC,MISC
MISC,MISC
MISC,MISC
MISC,MISC
MISC,MISC
MISC,MISC
MISC,MISC
MISC,MISC
MISC,MISC
MISC,MISC
MISC,MISC
MISC,MISC
MISC,MISC
MISC,MISC
MISC,MISC
CLIMATE,CLIMATE
CLIMATE,CLIMATE
CLIMATE,CLIMATE
MISC,MISC
MISC,MISC
MISC,MISC
MISC,MISC
MISC,MISC
CLIMATE,CLIMATE
MISC,MISC
CLIMATE,CLIMATE
CLIMATE,CLIMATE
MISC,MISC
MISC,MISC
MISC,MISC
MISC,MISC
MISC,MISC
MISC,MISC
MISC,MISC
MISC,MISC
MISC,MISC
MISC,MISC
MISC,MISC
CLIMATE,CLIMATE
CLIMATE,CLIMATE
MISC,MISC
MISC,MISC
MISC,MISC
MISC,MISC
MISC,MISC
MISC,MISC
CLIMATE,CLIMATE
CLIMATE,CLIMATE
MISC,CLIMATE
MISC,MISC
MISC,MISC
MISC,MISC
MISC,MISC
MISC,MISC
MISC,MISC
MISC,CLIMATE
MISC,MISC
CLIMATE,CLIMATE
MISC,MISC
MISC,MISC
MISC,MISC
CLIMATE,CLIMATE
MISC,MISC
MISC,MISC
MISC,MISC
MISC,MISC
MISC,MISC
MISC,MISC
MISC,MISC
MISC,MISC
MISC,MISC
MISC,MISC
MISC,MISC
MISC,MISC
MISC,MISC
MISC,MISC
MISC,MISC
MISC,MISC
MISC,MISC
MISC,MISC
MISC,MISC
MISC,MISC
MISC,MISC
MISC,MISC
MISC,MISC
CLIMATE,CLIMATE
CLIMATE,CLIMATE
MISC,MISC
MISC,MISC
MISC,MISC
CLIMATE,CLIMATE
MISC,MISC
MISC,MISC
MISC,MISC
MISC,MISC
MISC,MISC
MISC,MISC
CLIMATE,CLIMATE
MISC,MISC
MISC,MISC
MISC,MISC
MISC,MISC
MISC,MISC
CLIMATE,MISC
MISC,MISC
MISC,MISC
MISC,MISC
MISC,MISC
CLIMATE,CLIMATE
MISC,MISC
MISC,MISC
MISC,MISC
MISC,MISC
CLIMATE,CLIMATE
MISC,MISC
MISC,CLIMATE
CLIMATE,CLIMATE
CLIMATE,CLIMATE
MISC,MISC
CLIMATE,CLIMATE
MISC,MISC
MISC,MISC
MISC,MISC
MISC,MISC
MISC,MISC
MISC,MISC
MISC,MISC
MISC,MISC
MISC,MISC
MISC,MISC
MISC,MISC
MISC,MISC
MISC,MISC
MISC,MISC
MISC,MISC
MISC,MISC
MISC,MISC
MISC,MISC
MISC,MISC
MISC,MISC
MISC,MISC
MISC,MISC
MISC,MISC
CLIMATE,CLIMATE
MISC,MISC
MISC,MISC
MISC,MISC
MISC,MISC
MISC,MISC
MISC,MISC
MISC,MISC
MISC,CLIMATE
MISC,MISC
CLIMATE,CLIMATE
MISC,MISC
MISC,MISC
MISC,MISC
CLIMATE,CLIMATE
MISC,MISC
MISC,MISC
MISC,MISC
MISC,MISC
MISC,MISC
CLIMATE,CLIMATE
MISC,MISC
CLIMATE,CLIMATE
MISC,MISC
CLIMATE,CLIMATE
MISC,MISC
MISC,MISC
MISC,MISC
CLIMATE,CLIMATE
MISC,MISC
MISC,MISC
MISC,MISC
MISC,MISC
MISC,MISC
MISC,MISC
MISC,MISC
MISC,MISC
MISC,MISC
MISC,MISC
MISC,MISC
MISC,MISC
MISC,MISC
MISC,MISC
MISC,MISC
MISC,MISC
MISC,MISC
MISC,MISC
MISC,MISC
MISC,MISC
MISC,MISC
MISC,MISC
MISC,MISC
CLIMATE,CLIMATE
MISC,MISC
MISC,MISC
MISC,MISC
MISC,MISC
MISC,MISC
CLIMATE,CLIMATE
MISC,MISC
MISC,MISC
CLIMATE,CLIMATE
MISC,MISC
MISC,MISC
MISC,MISC
MISC,CLIMATE
MISC,MISC
MISC,MISC
MISC,MISC
MISC,MISC
MISC,MISC
MISC,MISC
MISC,MISC
MISC,MISC
MISC,MISC
MISC,MISC
MISC,MISC
MISC,MISC
MISC,MISC
CLIMATE,CLIMATE
MISC,MISC
MISC,MISC
MISC,MISC
MISC,MISC
MISC,MISC
MISC,MISC
MISC,MISC
MISC,MISC
MISC,MISC
MISC,MISC
CLIMATE,CLIMATE
MISC,MISC
MISC,MISC
CLIMATE,MISC
MISC,MISC
MISC,MISC
MISC,MISC
CLIMATE,CLIMATE
MISC,MISC
MISC,MISC
MISC,MISC
MISC,MISC
MISC,MISC
MISC,MISC
MISC,MISC
MISC,MISC
MISC,MISC
MISC,MISC
MISC,MISC
MISC,MISC
MISC,MISC
MISC,MISC
MISC,MISC
MISC,MISC
MISC,MISC
MISC,MISC
MISC,MISC
MISC,MISC
CLIMATE,MISC
MISC,MISC
MISC,MISC
MISC,MISC
MISC,MISC
MISC,MISC
MISC,MISC
MISC,MISC
CLIMATE,CLIMATE
MISC,MISC
MISC,MISC
MISC,MISC
MISC,MISC
MISC,MISC
MISC,MISC
MISC,MISC
MISC,MISC
CLIMATE,CLIMATE
MISC,MISC
MISC,MISC
MISC,CLIMATE
MISC,MISC
MISC,MISC
MISC,MISC
MISC,MISC
MISC,MISC
MISC,MISC
MISC,MISC
MISC,MISC
MISC,MISC
MISC,MISC
MISC,MISC
MISC,MISC
MISC,MISC
MISC,MISC
MISC,MISC
MISC,MISC
MISC,MISC
MISC,MISC
MISC,MISC
MISC,MISC
MISC,MISC
CLIMATE,CLIMATE
MISC,MISC
MISC,MISC
MISC,MISC
MISC,MISC
MISC,MISC
MISC,MISC
MISC,MISC
MISC,MISC
MISC,MISC
MISC,MISC
MISC,MISC
MISC,MISC
MISC,MISC
MISC,MISC
MISC,MISC
MISC,MISC
MISC,MISC
MISC,MISC
MISC,MISC
MISC,MISC
MISC,MISC
MISC,MISC
MISC,MISC
MISC,MISC
MISC,MISC
MISC,MISC
MISC,MISC
MISC,MISC
MISC,MISC
MISC,MISC
MISC,MISC
MISC,MISC
MISC,MISC
MISC,MISC
MISC,MISC
MISC,MISC
MISC,MISC
CLIMATE,CLIMATE
MISC,MISC
MISC,MISC
MISC,MISC
MISC,MISC
MISC,MISC
MISC,MISC
MISC,MISC
MISC,MISC
MISC,MISC
MISC,MISC
MISC,MISC
MISC,MISC
MISC,MISC
MISC,MISC
MISC,MISC
MISC,MISC
MISC,MISC
MISC,MISC
MISC,CLIMATE
MISC,MISC
MISC,CLIMATE
MISC,MISC
MISC,MISC
MISC,MISC
MISC,MISC
MISC,MISC
MISC,MISC
MISC,MISC
MISC,MISC
MISC,MISC
MISC,MISC
MISC,MISC
MISC,CLIMATE
MISC,MISC
MISC,MISC
MISC,MISC
MISC,MISC
CLIMATE,CLIMATE
MISC,MISC
MISC,MISC
MISC,MISC
MISC,MISC
MISC,MISC
MISC,MISC
MISC,MISC
MISC,MISC
MISC,MISC
MISC,MISC
MISC,MISC
MISC,MISC
MISC,MISC
MISC,MISC
MISC,MISC
MISC,MISC
MISC,MISC
MISC,MISC
MISC,MISC
MISC,MISC
MISC,MISC
MISC,MISC
MISC,MISC
MISC,MISC
MISC,MISC
MISC,MISC
MISC,MISC
MISC,MISC
MISC,MISC
MISC,MISC
MISC,MISC
MISC,MISC
MISC,MISC
MISC,MISC
MISC,MISC
MISC,MISC
MISC,MISC
MISC,MISC
MISC,MISC
MISC,MISC
MISC,MISC
MISC,MISC
MISC,MISC
MISC,MISC
MISC,MISC
MISC,MISC
MISC,MISC
MISC,MISC
MISC,MISC
MISC,MISC
MISC,MISC
MISC,MISC
CLIMATE,CLIMATE
MISC,MISC
MISC,MISC
MISC,MISC
MISC,MISC
MISC,MISC
MISC,MISC
MISC,MISC
MISC,MISC
MISC,MISC
MISC,MISC
MISC,MISC
MISC,MISC
MISC,MISC
MISC,MISC
MISC,MISC
CLIMATE,MISC
MISC,MISC
CLIMATE,MISC
MISC,MISC
CLIMATE,MISC
MISC,MISC
MISC,MISC
CLIMATE,MISC
MISC,MISC
MISC,MISC
MISC,MISC
MISC,MISC
MISC,MISC
MISC,MISC
MISC,MISC
MISC,MISC
MISC,MISC
MISC,MISC
MISC,MISC
MISC,MISC
MISC,MISC
MISC,MISC
MISC,MISC
MISC,MISC
MISC,MISC
MISC,MISC
MISC,MISC
MISC,MISC
MISC,MISC
MISC,MISC
MISC,MISC
MISC,MISC
MISC,MISC
MISC,MISC
MISC,MISC
MISC,MISC
MISC,MISC
MISC,MISC
MISC,MISC
MISC,MISC
MISC,MISC
MISC,MISC
MISC,MISC
MISC,MISC
MISC,MISC
MISC,MISC
MISC,MISC
MISC,MISC
MISC,MISC
MISC,MISC
MISC,MISC
MISC,MISC
MISC,MISC
MISC,MISC
MISC,MISC
MISC,MISC
MISC,MISC
MISC,MISC
MISC,MISC
MISC,MISC
MISC,MISC
MISC,MISC
MISC,MISC
MISC,MISC
MISC,MISC
MISC,MISC
MISC,MISC
MISC,MISC
MISC,MISC
MISC,MISC
MISC,MISC
MISC,MISC
MISC,MISC
MISC,MISC
MISC,MISC
MISC,MISC
MISC,MISC
CLIMATE,MISC
MISC,MISC
MISC,MISC
MISC,MISC
MISC,MISC
CLIMATE,CLIMATE
MISC,MISC
MISC,MISC
MISC,MISC
MISC,MISC
MISC,MISC
MISC,MISC
MISC,MISC
MISC,MISC
MISC,MISC
MISC,MISC
MISC,MISC
MISC,MISC
MISC,MISC
MISC,MISC
MISC,MISC
MISC,MISC
MISC,MISC
MISC,MISC
MISC,MISC
MISC,MISC
CLIMATE,CLIMATE
CLIMATE,CLIMATE
MISC,MISC
MISC,MISC
MISC,MISC
MISC,MISC
MISC,MISC
MISC,MISC
MISC,MISC
MISC,MISC
MISC,MISC
MISC,MISC
MISC,MISC
MISC,MISC
MISC,MISC
MISC,MISC
MISC,MISC
MISC,MISC
MISC,MISC
MISC,MISC
MISC,MISC
MISC,MISC
MISC,MISC
MISC,MISC
MISC,MISC
MISC,MISC
MISC,MISC
MISC,MISC
MISC,MISC
MISC,MISC
MISC,MISC
MISC,MISC
MISC,CLIMATE
MISC,MISC
CLIMATE,CLIMATE
MISC,MISC
MISC,MISC
MISC,MISC
MISC,MISC
MISC,MISC
MISC,MISC
MISC,MISC
MISC,MISC
MISC,MISC
MISC,MISC
MISC,MISC
MISC,MISC
CLIMATE,CLIMATE
MISC,MISC
MISC,MISC
MISC,MISC
MISC,MISC
MISC,MISC
MISC,MISC
MISC,MISC
MISC,MISC
MISC,MISC
MISC,MISC
MISC,MISC
MISC,MISC
MISC,MISC
MISC,MISC
MISC,MISC
MISC,MISC
MISC,MISC
MISC,MISC
MISC,MISC
MISC,MISC
MISC,MISC
MISC,MISC
MISC,MISC
MISC,MISC
MISC,MISC
MISC,MISC
MISC,MISC
CLIMATE,CLIMATE
MISC,MISC
MISC,MISC
MISC,MISC
MISC,MISC
MISC,MISC
MISC,MISC
MISC,MISC
MISC,MISC
MISC,MISC
MISC,MISC
MISC,MISC
MISC,MISC
MISC,MISC
MISC,MISC
MISC,MISC
CLIMATE,CLIMATE
MISC,MISC
MISC,MISC
MISC,MISC
MISC,MISC
MISC,MISC
MISC,MISC
MISC,MISC
MISC,MISC
MISC,MISC
MISC,MISC
MISC,MISC
MISC,MISC
MISC,MISC
MISC,MISC
MISC,MISC
MISC,MISC
MISC,MISC
MISC,MISC
MISC,MISC
MISC,MISC
MISC,MISC
MISC,MISC
MISC,MISC
MISC,MISC
MISC,MISC
MISC,MISC
MISC,MISC
MISC,MISC
MISC,MISC
MISC,MISC
MISC,MISC
MISC,MISC
MISC,MISC
MISC,MISC
MISC,MISC
MISC,MISC
MISC,MISC
MISC,MISC
CLIMATE,CLIMATE
MISC,MISC
MISC,MISC
MISC,MISC
CLIMATE,CLIMATE
MISC,MISC
MISC,MISC
MISC,MISC
MISC,MISC
MISC,MISC
MISC,MISC
CLIMATE,CLIMATE
MISC,MISC
MISC,MISC
MISC,MISC
MISC,MISC
MISC,MISC
MISC,MISC
MISC,MISC
MISC,MISC
MISC,MISC
MISC,MISC
MISC,MISC
MISC,MISC
MISC,MISC
MISC,MISC
CLIMATE,CLIMATE
MISC,MISC
MISC,MISC
MISC,MISC
MISC,MISC
MISC,MISC
MISC,MISC
MISC,MISC
MISC,MISC
MISC,MISC
MISC,MISC
MISC,MISC
MISC,MISC
MISC,MISC
MISC,MISC
CLIMATE,CLIMATE
MISC,MISC
MISC,MISC
MISC,MISC
MISC,CLIMATE
MISC,MISC
MISC,MISC
MISC,MISC
MISC,MISC
MISC,MISC
MISC,MISC
MISC,MISC
MISC,MISC
MISC,MISC
MISC,MISC
MISC,MISC
MISC,MISC
MISC,MISC
MISC,MISC
MISC,MISC
MISC,MISC
MISC,MISC
MISC,MISC
MISC,MISC
MISC,MISC
MISC,MISC
MISC,MISC
MISC,MISC
MISC,MISC
MISC,MISC
MISC,MISC
MISC,MISC
MISC,MISC
MISC,MISC
MISC,MISC
MISC,MISC
MISC,MISC
MISC,MISC
MISC,MISC
MISC,MISC
MISC,MISC
MISC,MISC
MISC,MISC
MISC,MISC
MISC,MISC
MISC,MISC
MISC,MISC
MISC,MISC
MISC,CLIMATE
MISC,MISC
MISC,MISC
MISC,MISC
MISC,MISC
MISC,MISC
MISC,MISC
MISC,MISC
MISC,MISC
MISC,MISC
MISC,MISC
MISC,MISC
MISC,MISC
MISC,MISC
MISC,MISC
MISC,MISC
MISC,MISC
MISC,MISC
MISC,MISC
MISC,MISC
MISC,MISC
MISC,MISC
MISC,MISC
MISC,MISC
MISC,MISC
MISC,CLIMATE
MISC,MISC
MISC,MISC
MISC,MISC
MISC,MISC
MISC,MISC
CLIMATE,CLIMATE
MISC,MISC
MISC,MISC
MISC,MISC
MISC,MISC
MISC,MISC
MISC,MISC
MISC,MISC
MISC,MISC
MISC,MISC
MISC,MISC
MISC,MISC
CLIMATE,MISC
CLIMATE,CLIMATE
CLIMATE,MISC
MISC,MISC
MISC,MISC
MISC,MISC
MISC,MISC
MISC,MISC
MISC,MISC
MISC,MISC
MISC,MISC
MISC,MISC
MISC,MISC
MISC,MISC
MISC,MISC
MISC,MISC
MISC,MISC
MISC,MISC
MISC,MISC
CLIMATE,CLIMATE
MISC,MISC
MISC,MISC
MISC,MISC
MISC,MISC
MISC,MISC
MISC,MISC
MISC,MISC
MISC,MISC
MISC,MISC
MISC,MISC
MISC,MISC
MISC,MISC
MISC,MISC
MISC,MISC
CLIMATE,CLIMATE
CLIMATE,CLIMATE
MISC,MISC
MISC,MISC
MISC,MISC
CLIMATE,MISC
MISC,MISC
MISC,MISC
MISC,MISC
MISC,MISC
MISC,MISC
MISC,MISC
MISC,MISC
MISC,MISC
MISC,MISC
MISC,MISC
MISC,MISC
MISC,MISC
MISC,MISC
MISC,MISC
MISC,MISC
MISC,MISC
MISC,MISC
MISC,MISC
MISC,MISC
MISC,MISC
MISC,MISC
MISC,MISC
MISC,MISC
MISC,MISC
MISC,MISC
MISC,MISC
MISC,MISC
MISC,MISC
MISC,MISC
MISC,MISC
MISC,MISC
MISC,MISC
MISC,MISC
MISC,MISC
MISC,MISC
MISC,MISC
MISC,MISC
MISC,MISC
MISC,MISC
MISC,MISC
MISC,MISC
MISC,MISC
MISC,MISC
MISC,MISC
MISC,MISC
MISC,MISC
MISC,MISC
MISC,MISC
MISC,MISC
MISC,MISC
MISC,MISC
MISC,MISC
MISC,MISC
MISC,MISC
MISC,MISC
MISC,MISC
MISC,MISC
MISC,MISC
MISC,MISC
MISC,MISC
MISC,MISC
MISC,MISC
MISC,CLIMATE
CLIMATE,CLIMATE
MISC,MISC
MISC,MISC
MISC,MISC
MISC,MISC
MISC,MISC
MISC,MISC
MISC,MISC
MISC,MISC
MISC,MISC
MISC,MISC
MISC,MISC
MISC,MISC
MISC,MISC
MISC,MISC
CLIMATE,CLIMATE
MISC,MISC
MISC,CLIMATE
MISC,MISC
MISC,MISC
MISC,MISC
CLIMATE,MISC
MISC,MISC
MISC,MISC
MISC,MISC
MISC,MISC
MISC,MISC
